{"threshold": 0.42022513289706687, "re_min": 0.0004218723162098358, "re_max": 57.805299536048686}