{
  "logreg": {
    "roc_auc": 0.9808191653842178
  },
  "xgboost": {
    "roc_auc": 0.9999938987975607
  },
  "autoencoder": {
    "roc_auc": 0.9508104909099261,
    "threshold": 0.42022513289706687
  }
}